Age,Hemoglobin,Fatigue,Dizziness,Pale_Skin,Anemia
24,9.756023691426629,1,0,1,1
37,9.29033572031959,1,1,1,1
32,8.566110766320383,0,1,1,1
28,10.998201324580755,0,0,1,1
25,12.819499305357564,0,0,1,0
38,8.407355168559105,0,0,1,1
24,14.406496093385364,1,1,0,1
43,11.09646560811773,0,0,0,0
36,9.678511514101823,0,0,0,1
40,8.657113030569043,1,1,0,1
28,9.280061979751151,0,0,1,1
28,14.542297981377967,0,0,1,0
41,12.467894156903453,0,0,1,0
38,11.616873801985967,0,1,0,1
21,12.599779299501169,0,1,1,1
25,11.049710290745237,0,1,1,1
41,13.110275215932731,1,1,1,1
20,8.33401289384154,1,1,0,1
39,11.962260473458535,0,1,1,1
38,9.110525133497436,0,1,0,1
19,8.841152534639495,1,0,0,1
41,10.393157667014812,0,0,0,1
29,8.642593460694092,0,1,0,1
23,8.659098917879922,0,0,1,1
19,10.17989316573906,1,0,0,1
38,14.856573700350559,0,1,0,1
18,9.22731188922537,1,0,1,1
29,8.120127712822251,0,0,1,1
43,13.343550961027375,1,0,0,1
39,13.648390839355457,1,0,1,1
29,10.424130247625806,0,0,0,1
42,11.25271669057728,1,1,0,1
34,12.548415778499344,0,1,0,1
44,8.336412469379237,1,1,0,1
44,14.6440201211397,0,0,1,0
27,14.206762711086332,0,1,0,1
33,9.826255363391997,1,0,1,1
32,8.107131782032694,0,0,1,1
32,14.53405415655638,0,0,1,0
36,11.507279187406814,1,0,1,1
29,11.775642138800437,0,1,0,1
40,12.787746385786988,0,1,1,1
37,12.310958150729396,1,0,0,1
42,14.6072412319253,1,1,1,1
20,14.609761179876172,0,0,1,0
22,14.070392534885027,0,1,0,1
36,12.454825182122079,1,1,0,1
24,13.6066450627768,1,0,0,1
38,12.740178396680871,0,1,1,1
26,12.013569291703533,1,0,1,1
24,8.899502472637371,0,1,0,1
35,13.67842923715202,0,0,0,0
21,13.744476330207688,0,0,0,0
42,12.381577690711008,0,1,0,1
31,13.742987906398877,0,1,1,1
35,12.560393403004515,1,0,0,1
43,9.446790519137217,1,1,0,1
26,9.917727891247937,1,1,0,1
43,9.502123837958619,1,0,0,1
38,10.64081358259583,0,0,1,1
19,8.272741926171635,0,1,0,1
37,12.32777719036525,0,0,1,0
32,10.355879504221086,0,0,0,1
24,12.590058447665195,1,0,0,1
29,10.697776346758955,0,1,1,1
25,12.771295682809528,0,1,0,1
32,10.384371986249679,1,0,1,1
20,9.824861697651322,1,1,1,1
31,11.472262180053843,1,0,0,1
34,12.850232510843576,1,1,1,1
21,10.438356231172381,0,0,1,1
35,14.55653706298995,0,0,1,0
25,8.274304286729524,1,1,1,1
21,10.925622222009052,0,0,1,1
19,14.773063860641733,0,1,1,1
23,11.835803182736612,0,1,1,1
39,10.96429659615683,1,0,1,1
27,11.979641986249709,0,0,0,0
21,12.031472026806593,1,1,0,1
39,13.121534287097482,0,0,1,0
35,8.89382810595726,0,0,0,1
43,9.750115144512733,0,0,1,1
29,12.06380808640737,1,0,1,1
19,14.069816250468055,0,0,0,0
27,11.933066845006415,1,1,1,1
21,9.670178018532381,1,1,1,1
31,12.75891345930172,1,0,1,1
33,13.179361323131623,0,0,1,0
32,9.667653066827857,0,0,0,1
25,10.644102203234064,0,1,1,1
31,11.740292314713944,0,0,1,0
40,11.475928334781544,1,1,1,1
42,10.727326603534424,1,1,0,1
25,10.083446221565175,1,1,1,1
38,8.699894210133044,0,0,0,1
33,8.374397077231583,1,1,0,1
30,14.709790478182388,0,0,1,0
35,13.930002008669128,1,1,1,1
32,10.484336333239044,0,0,0,1
38,14.697606195885195,0,1,1,1
41,12.737389330970123,1,0,0,1
43,11.377646647498498,1,1,0,1
42,11.451179604402634,1,0,1,1
30,8.582990878366818,1,0,1,1
26,8.641929030809367,0,0,0,1
32,12.217086481307833,1,0,0,1
30,11.875921366420606,1,1,0,1
18,9.489095265169603,1,1,0,1
42,14.623361800171832,0,0,1,0
24,13.469072353298419,0,1,1,1
26,8.794252214122135,1,0,1,1
41,14.516503739811048,0,0,1,0
18,14.819737459740871,1,1,1,1
29,14.971518694212303,0,0,0,0
25,8.39109808274145,0,0,1,1
41,13.159248897537061,0,1,1,1
28,11.821410391154922,0,0,1,0
36,12.940820387150861,1,0,1,1
34,14.780563607818944,1,0,1,1
25,12.816210071225274,1,0,0,1
20,13.858747119661617,0,1,0,1
20,14.068080937175889,1,1,0,1
18,13.869365346347895,1,1,1,1
44,10.982640325328589,1,0,0,1
22,9.558034922997214,0,0,0,1
27,10.776561213679763,0,1,1,1
24,14.243278361437437,0,0,1,0
43,9.026233751844178,1,0,1,1
26,11.59328318084675,1,0,0,1
24,9.632596506971694,1,0,0,1
26,12.069137920587476,0,1,1,1
25,14.041969653923026,0,1,1,1
29,14.162519780468918,1,1,0,1
19,9.656796355774551,0,0,0,1
18,14.353855944439825,0,1,1,1
33,12.14322117174899,0,1,1,1
40,10.451527726902196,0,0,0,1
40,12.9572683690824,1,0,1,1
41,11.371668915748806,0,1,0,1
22,10.645913130855782,0,1,0,1
20,12.935590550076618,0,1,0,1
29,9.741069081012016,0,1,0,1
25,10.31176770313369,1,0,1,1
39,11.0411629114179,1,1,1,1
44,9.77577521711197,0,1,0,1
20,10.83641460746992,0,0,0,1
18,12.000311176435075,0,1,0,1
20,13.186817026374678,0,0,0,0
22,13.370363971760002,0,0,0,0
32,13.759532463136852,0,0,1,0
31,13.209481598603086,1,1,1,1
20,12.767275989678364,0,1,1,1
18,9.66254529904729,1,0,1,1
22,10.801560250104174,1,1,0,1
43,11.344004236161593,0,1,0,1
40,8.58023925185348,1,0,0,1
31,11.698590849080464,1,0,0,1
24,11.054350821245892,1,1,0,1
44,13.614764743187138,1,0,1,1
26,14.845304681279895,1,1,0,1
32,11.892035270498091,1,1,1,1
32,10.258804717943086,0,1,1,1
43,8.30380548308721,1,1,1,1
27,14.472503311565173,1,0,1,1
30,14.433810006950615,1,0,0,1
36,9.770931175924687,0,0,1,1
24,12.867877861746532,1,0,1,1
34,8.528041829628386,0,1,1,1
37,9.16350802336477,1,1,0,1
21,9.517663746105438,0,0,0,1
22,10.06145762787601,0,1,0,1
40,14.970819625205595,1,1,1,1
24,12.878475391046702,1,1,1,1
30,10.689412819654539,0,0,0,1
32,13.159704940901134,1,0,1,1
28,14.406780391683744,0,0,0,0
21,14.710916851854924,0,1,0,1
30,8.405047284303953,0,0,1,1
24,10.761652590256908,0,0,1,1
44,8.74729246155119,0,0,1,1
36,10.349620453578742,1,0,1,1
39,9.187759327268958,0,0,0,1
19,12.527938531681066,0,0,0,0
27,10.717878687929105,1,1,0,1
30,9.605763219934648,0,1,0,1
42,9.861565474749673,1,0,0,1
38,10.522415666436878,1,0,1,1
23,9.819649039979838,1,1,0,1
29,11.172685927801817,0,1,0,1
29,8.226211657767553,0,0,0,1
37,9.95834455018262,0,0,1,1
28,10.878447046105304,1,0,1,1
43,12.21947317416309,0,0,1,0
40,9.896703497605909,1,1,1,1
42,8.932295876566247,0,0,0,1
24,8.533402657194141,1,0,0,1
18,14.583722789947684,0,0,1,0
18,10.916473404169354,0,0,1,1
42,12.068138348265784,0,1,0,1
44,14.434235862848917,1,1,0,1
42,8.579238940247143,1,1,1,1
37,14.136630401480549,0,0,1,0
30,11.86111510780849,0,0,1,0
26,9.153839827959008,1,1,1,1
20,10.878785816097583,1,0,0,1
24,13.44321598614658,1,0,0,1
23,11.362590573064482,0,1,0,1
25,14.89700235465853,1,1,1,1
44,10.637172789565586,0,1,1,1
26,13.247048099832504,1,1,0,1
22,10.750926142852014,0,0,0,1
18,13.8041495449456,1,0,0,1
36,11.983570284160233,1,1,0,1
27,8.44458280713001,1,0,1,1
29,8.257753073451939,1,1,0,1
41,8.936964831604433,1,1,0,1
32,8.095703753788982,0,0,0,1
44,8.527513422467237,1,1,0,1
39,12.842000780182385,1,0,0,1
41,11.740423925206242,1,0,0,1
26,13.249375246289802,0,0,0,0
37,14.3921602658035,1,0,1,1
34,12.096046726278303,0,1,1,1
34,13.082845908502936,1,0,1,1
43,13.299568414297191,1,1,1,1
37,10.644953844930505,0,1,0,1
29,9.687593826307424,1,1,1,1
24,9.435317299545675,0,1,1,1
19,9.76009707658259,0,0,0,1
20,9.923122579181362,1,0,0,1
34,9.450593543056396,0,1,1,1
22,14.147544672354346,1,1,1,1
34,13.2989939252056,1,0,0,1
41,8.328275274538539,0,1,1,1
34,9.880707374177153,0,0,0,1
44,8.155293194212112,0,1,0,1
34,11.48715630652125,0,0,0,0
19,11.333474877523098,1,1,0,1
19,13.819600430437507,1,1,1,1
39,10.154440678397346,0,0,0,1
40,13.714700146491436,1,1,0,1
22,14.77581635807876,1,1,1,1
18,8.618857563559526,1,0,0,1
18,13.54272487628743,1,1,1,1
36,12.129691279963453,0,0,1,0
19,11.360321769129326,0,0,1,0
38,10.943750450655525,1,1,0,1
29,13.492677847610167,0,1,1,1
43,12.475529498819697,0,1,1,1
23,13.635312672635532,0,1,0,1
40,14.322057410736384,1,1,1,1
21,12.320845984681045,1,1,1,1
40,14.863239075646645,1,1,1,1
28,12.256614946793196,0,0,1,0
41,12.456510251355978,1,1,1,1
44,11.88370925979558,1,0,0,1
34,8.637014637359313,0,1,1,1
23,13.084779228551598,1,1,1,1
41,11.832124148293781,1,0,0,1
22,11.15637313191273,0,1,0,1
37,14.37329894882291,0,1,0,1
19,10.085716160793654,0,0,1,1
23,11.665215932105077,1,1,0,1
39,12.883493100454244,1,1,1,1
28,13.57530242971714,1,1,1,1
33,11.215427655623207,0,0,0,0
33,13.894639905130967,0,1,0,1
18,13.382424189207782,1,1,1,1
26,8.463651844963062,1,1,0,1
44,8.321028864832432,0,1,1,1
23,12.345639790954639,0,0,0,0
33,10.431893857577899,0,0,0,1
20,9.4639155375496,0,1,0,1
37,12.05754954130217,1,1,1,1
44,10.390942473195816,0,0,0,1
21,11.76084391699849,1,0,1,1
36,11.220834112885004,1,1,1,1
43,12.093362741644075,1,0,1,1
20,10.80210342237197,0,1,1,1
36,12.883673015878522,0,0,0,0
37,9.26047090644509,0,0,1,1
24,12.875510263589554,0,0,1,0
37,10.881628500502696,1,0,0,1
26,14.12022323398092,0,1,1,1
18,11.606652384049475,0,0,0,0
25,14.81177244489073,1,0,1,1
24,12.213547768786722,0,1,0,1
35,9.566943461344245,1,0,1,1
25,13.752534457911144,1,0,0,1
18,10.415578394756707,1,1,1,1
28,10.433334501378784,1,0,1,1
42,8.222632770396157,1,1,0,1
42,11.84100716445186,1,1,0,1
35,11.74096452612766,1,1,0,1
40,10.491940389903903,1,1,0,1
27,14.259520840271481,0,0,1,0
20,8.901238788097507,0,1,1,1
24,10.310696593171087,0,0,0,1
33,10.251079352760204,0,0,1,1
43,8.646034103601222,1,0,0,1
33,11.368017758394053,0,0,0,0
42,12.814493019672582,1,0,1,1
37,11.581599094830828,0,0,1,0
34,9.098843779013356,0,0,1,1
19,10.641001756694507,0,0,1,1
18,8.018165170685526,1,0,1,1
33,14.078107749249108,0,0,1,0
29,8.591619053764774,1,1,1,1
22,12.180946575788013,1,1,0,1
22,14.903798971067706,0,1,0,1
44,11.756134521911328,0,0,0,0
40,14.468292313752032,0,1,0,1
26,9.65281573182183,1,1,0,1
26,13.3196878625631,0,1,1,1
20,11.718860277814738,1,0,0,1
36,13.043612429740254,1,0,0,1
33,8.436389537578691,0,0,0,1
33,9.034173643343587,0,0,0,1
20,8.931818500112348,1,1,0,1
37,12.810158537823318,1,1,0,1
41,13.911084708435402,1,1,0,1
39,13.247313624060112,0,1,1,1
41,8.21330506913516,1,0,1,1
18,14.070504867523063,0,0,0,0
41,10.479026695551878,1,0,1,1
37,10.780146827528577,1,1,1,1
28,8.734084165727367,0,0,1,1
34,13.161836442656734,1,0,1,1
25,9.275987149331707,0,1,0,1
21,11.947755644131854,0,1,1,1
23,13.884969901145517,1,0,1,1
25,8.624430300984393,0,0,1,1
37,11.747348948108664,0,0,0,0
20,9.632514880848609,1,0,0,1
33,10.400488049947821,0,0,0,1
42,11.317789590013893,0,0,0,0
20,10.485730122955133,0,1,0,1
42,12.541759882041031,1,1,0,1
35,11.35707471227975,0,1,0,1
31,12.089396392999184,1,0,1,1
35,13.15775732776439,1,1,1,1
19,11.904195861653061,0,0,1,0
39,12.105748042625313,0,0,0,0
20,11.951209797658489,0,1,0,1
33,10.651408381659024,1,0,0,1
26,10.362127837103426,0,0,0,1
21,14.297531780015087,0,1,0,1
18,12.25288655605501,0,1,1,1
21,9.710472088252581,0,1,1,1
18,11.487733884942582,0,0,0,0
31,10.312439368966398,1,1,0,1
38,14.535842766319123,1,1,0,1
33,8.052740541938523,0,0,0,1
37,9.577329583987698,0,1,1,1
41,10.557497737718403,0,1,0,1
25,11.414668605661166,0,1,0,1
24,13.955722624853024,1,0,0,1
20,8.615213371781007,0,0,0,1
34,13.641054207188004,1,0,1,1
18,8.389574425498827,1,0,0,1
33,13.896198247087272,0,1,0,1
29,8.36144834512159,1,0,1,1
44,8.127697369998527,1,0,1,1
36,12.878730236564952,1,1,1,1
39,14.98078874337876,1,1,0,1
40,14.276271840818145,0,1,0,1
39,12.03198892463962,0,0,1,0
31,14.421769291598721,1,0,1,1
23,8.037100044783237,0,0,1,1
23,14.825470140615998,0,1,1,1
30,11.435241454811491,0,1,1,1
36,13.06027267635243,0,0,1,0
39,13.746030312073469,0,1,0,1
25,13.029200895855876,1,1,0,1
44,11.745257124314374,0,1,0,1
44,11.336336388884884,0,0,1,0
19,13.870077910918374,0,1,1,1
38,9.435542921046213,0,1,1,1
18,14.77595846552964,1,0,1,1
32,12.976667351857238,1,0,1,1
18,9.396548491368238,1,1,1,1
22,13.153730285889417,1,1,0,1
33,11.708880162267818,0,0,0,0
36,12.95061066951111,1,0,1,1
21,13.374456510099872,0,1,0,1
20,8.611031257127728,0,1,1,1
34,11.54272769451543,0,1,0,1
34,14.524100395798538,0,1,1,1
29,10.2444953451166,0,0,1,1
31,12.157181682905293,1,1,0,1
38,10.584613370569272,1,1,0,1
23,11.179875805533698,1,0,1,1
20,11.840221825567072,1,1,1,1
26,11.842453859222841,0,0,0,0
22,9.41211323631165,1,1,0,1
41,12.792000835158834,0,1,1,1
34,8.615076778698597,1,0,0,1
31,8.971773414094143,0,0,1,1
38,8.018976295900307,0,1,1,1
20,8.81687244899177,1,1,1,1
18,11.312163407363245,0,1,1,1
37,12.242713167390871,0,0,0,0
38,13.560026149765237,1,1,0,1
40,8.746894750794052,0,0,0,1
18,13.955092220115183,1,0,0,1
20,13.221821678841028,1,1,0,1
35,10.859628050551418,1,0,0,1
42,14.530566469699682,0,1,0,1
27,14.936506335201734,0,1,1,1
39,9.435012670372661,0,1,0,1
43,10.654600094746602,1,1,0,1
20,14.485145965127979,0,1,1,1
25,13.05117585525894,1,0,0,1
31,8.336662507748613,1,0,0,1
41,13.470601372259903,0,1,1,1
35,13.795586210242444,1,1,0,1
32,13.253513473357195,0,0,0,0
39,13.596759916436609,0,0,0,0
40,13.77592873684958,0,0,1,0
19,9.304834907517009,0,0,0,1
44,9.649842222454998,0,1,0,1
27,12.436309946041241,1,1,1,1
19,14.355062913237612,1,0,0,1
43,10.213376076075463,1,1,1,1
34,12.118146730565396,0,0,1,0
25,12.780874443919927,0,1,0,1
18,11.163640209093275,0,0,1,0
26,12.996477183987281,1,1,1,1
28,14.297672117045213,0,0,0,0
39,12.368710809272862,1,0,1,1
33,11.778467433402431,1,1,1,1
24,11.071212727718374,0,0,0,0
27,12.04240389634288,0,1,0,1
40,10.48753716272877,1,1,0,1
43,10.740374771410513,0,0,1,1
20,11.723002357817219,1,1,0,1
35,8.466333786735719,0,1,1,1
42,9.603177736473574,0,1,1,1
41,11.799945174293862,1,1,1,1
30,11.0206970019551,0,1,1,1
43,10.329710501387389,1,0,1,1
24,13.113843957665111,0,1,1,1
42,12.85602325182337,1,1,1,1
21,9.167115319953682,1,1,0,1
30,14.150403807614069,0,1,0,1
37,11.46796538482776,1,1,1,1
18,13.190226377973318,0,0,1,0
25,12.01205594480172,0,1,0,1
31,14.983848311466904,0,0,1,0
33,13.26682184027176,1,0,0,1
31,12.948863228704212,1,0,0,1
29,13.450003573355257,0,0,0,0
36,9.001895898839287,0,1,1,1
40,9.431812152186243,1,0,1,1
32,12.998448575565298,0,0,0,0
19,11.457870409916039,0,1,0,1
19,13.282447043020817,1,1,0,1
40,8.720412215209015,0,1,0,1
39,11.755369460392163,1,0,0,1
36,10.65175095889841,0,1,1,1
42,11.199001534971748,1,1,0,1
43,12.227705104507589,0,0,1,0
39,11.516018432237711,0,1,0,1
43,11.779024459789857,1,1,1,1
43,11.404502373969255,0,1,1,1
39,10.862686239598453,1,1,1,1
34,13.403173864187716,0,0,1,0
37,8.08542150622631,1,1,1,1
27,12.18909890843659,1,1,1,1
23,11.958558431260817,1,0,0,1
32,13.013253523130665,1,1,1,1
39,12.193205553441285,0,0,0,0
28,13.787591794663548,0,1,1,1
22,14.713523561948193,1,0,1,1
18,10.397669800249805,1,0,0,1
25,9.59145688120991,1,0,1,1
38,10.96517803694338,0,0,0,1
29,10.015507315330083,0,1,0,1
29,12.30465184206858,0,0,0,0
22,14.382966861900753,0,1,0,1
24,8.973813359001433,1,0,1,1
21,8.705562221111206,1,0,1,1
23,9.792108722975636,1,0,0,1
30,13.082669102436805,0,1,1,1
37,12.15074033681175,0,0,1,0
32,8.715488649576397,0,1,0,1
20,14.431253655825225,1,1,1,1
40,13.530592459868608,1,1,0,1
25,8.161158233513463,0,1,0,1
37,12.559570476917724,1,1,1,1
33,13.398726679638166,0,1,1,1
30,10.621047588042954,0,1,1,1
35,8.482450775570532,1,1,0,1
27,8.54124745842151,0,1,0,1
36,8.729728762362667,1,0,1,1
34,13.88307742386296,0,0,1,0
41,14.374803387789992,1,0,1,1
36,8.859675472920136,1,0,1,1
43,9.651342242165569,1,0,0,1
40,9.158643572571028,0,1,1,1
