Age,Weight,Cycle_Length,Hair_Growth,Skin_Darkening,Weight_Gain,PCOS
24,70,22,0,1,1,1
37,81,31,1,1,1,1
32,70,24,0,0,1,1
28,67,35,1,1,0,1
25,53,26,0,1,0,0
38,56,37,0,1,1,1
24,45,26,1,1,1,1
43,45,39,0,1,1,1
36,78,22,1,1,0,1
40,76,35,1,1,0,1
28,69,31,0,1,1,1
28,84,28,0,0,0,0
41,89,39,1,0,0,1
38,45,33,0,1,1,1
21,60,32,0,0,0,0
25,83,25,0,1,0,0
41,49,26,0,1,1,1
20,66,24,0,0,0,0
39,73,39,1,1,0,1
38,47,21,1,1,1,1
19,56,37,0,1,0,1
41,70,32,0,1,0,0
29,60,35,0,0,1,1
23,81,21,1,1,1,1
19,66,34,0,1,1,1
38,73,26,1,1,0,1
18,58,25,1,0,1,1
29,72,31,1,1,0,1
43,49,24,0,0,1,1
39,74,33,1,0,0,1
29,49,31,0,1,1,1
42,56,23,1,1,1,1
34,60,21,0,0,1,1
44,70,26,1,1,1,1
44,70,38,0,0,0,1
27,65,30,1,0,1,1
33,83,25,0,1,1,1
32,80,30,0,1,0,0
32,77,32,0,0,1,1
36,74,22,0,0,0,0
29,81,33,1,0,1,1
40,67,28,1,0,1,1
37,54,22,0,1,1,1
42,49,21,1,1,0,1
20,80,25,0,1,1,1
22,78,29,0,1,1,1
36,75,37,1,1,1,1
24,54,29,0,0,0,0
38,63,31,0,1,0,0
26,76,35,1,1,1,1
24,45,26,0,1,0,0
35,49,23,0,1,1,1
21,89,37,0,1,1,1
42,48,25,0,0,1,1
31,60,32,1,0,1,1
35,68,38,1,0,1,1
43,60,34,1,1,1,1
26,46,31,0,0,1,1
43,72,29,0,0,0,0
38,76,22,1,1,0,1
19,71,32,0,1,0,0
37,64,23,0,1,0,0
32,68,23,0,0,0,0
24,56,21,0,0,0,0
29,79,28,1,1,0,1
25,77,28,1,1,1,1
32,77,31,1,0,1,1
20,87,29,0,0,1,1
31,81,25,1,1,1,1
34,56,34,1,1,0,1
21,47,23,0,0,0,0
35,45,25,0,1,1,1
25,77,25,1,0,1,1
21,84,39,1,0,0,1
19,54,34,1,0,1,1
23,87,24,1,0,1,1
39,88,33,0,1,1,1
27,73,30,1,1,1,1
21,57,38,1,0,0,1
39,56,28,0,0,1,1
35,75,28,1,0,1,1
43,46,27,0,0,0,0
29,79,28,0,0,0,0
19,67,34,0,1,1,1
27,61,39,1,1,0,1
21,70,26,1,1,1,1
31,52,21,0,1,1,1
33,73,35,1,0,0,1
32,70,21,1,0,1,1
25,54,37,0,0,1,1
31,70,21,0,0,1,1
40,78,35,1,0,1,1
42,85,22,0,1,0,0
25,51,34,1,0,0,1
38,48,28,1,1,1,1
33,89,28,1,1,0,1
30,55,39,1,1,1,1
35,73,27,0,1,1,1
32,80,39,0,0,1,1
38,69,26,0,1,1,1
41,65,26,0,1,1,1
43,80,23,1,1,0,1
42,54,27,1,0,1,1
30,81,39,0,0,0,1
26,53,28,1,0,0,1
32,68,30,1,1,1,1
30,79,35,1,1,1,1
18,79,35,0,0,1,1
42,80,21,0,1,1,1
24,62,27,0,0,1,1
26,83,24,1,0,0,1
41,76,26,0,1,1,1
18,68,21,0,1,1,1
29,67,25,0,1,0,0
25,76,21,0,1,0,0
41,81,24,0,0,1,1
28,56,22,0,0,0,0
36,57,30,1,0,1,1
34,67,25,1,0,0,1
25,69,30,0,0,0,0
20,79,21,0,1,1,1
20,85,26,1,0,0,1
18,74,33,1,0,0,1
44,61,35,0,0,0,0
22,64,24,0,1,0,0
27,69,33,0,1,0,0
24,66,35,0,1,0,0
43,57,28,1,1,1,1
26,63,25,0,0,1,1
24,80,35,0,0,0,0
26,56,24,0,1,1,1
25,85,32,0,1,1,1
29,63,33,1,0,1,1
19,56,22,1,0,0,1
18,53,39,1,1,1,1
33,51,39,0,1,0,1
40,72,24,0,1,1,1
40,58,24,1,1,0,1
41,75,31,0,0,0,0
22,63,25,0,0,1,1
20,60,31,1,0,1,1
29,49,30,1,1,0,1
25,79,28,1,1,1,1
39,56,26,1,0,1,1
44,69,26,0,0,1,1
20,65,28,0,0,0,0
18,80,35,1,0,0,1
20,67,34,0,1,1,1
22,60,31,1,0,1,1
32,83,32,1,0,1,1
31,89,33,0,0,0,0
20,86,28,1,0,0,1
18,83,38,0,0,1,1
22,58,21,0,0,1,1
43,75,35,0,0,1,1
40,49,28,0,1,1,1
31,79,31,1,1,1,1
24,67,32,0,1,1,1
44,73,32,1,1,0,1
26,87,24,1,0,1,1
32,55,36,1,1,0,1
32,62,24,1,1,1,1
43,56,25,0,0,1,1
27,53,25,0,0,0,0
30,54,28,1,1,0,1
36,88,30,1,1,0,1
24,61,37,0,0,0,1
34,82,29,1,1,1,1
37,51,39,0,0,0,1
21,57,34,1,0,1,1
22,84,28,0,0,0,0
40,86,29,1,0,1,1
24,53,31,1,1,1,1
30,71,21,0,0,1,1
32,46,34,1,0,1,1
28,49,25,1,1,1,1
21,73,34,0,0,1,1
30,81,24,1,1,0,1
24,82,21,0,1,1,1
44,63,39,0,1,0,1
36,52,28,1,0,0,1
39,89,35,1,1,1,1
19,45,35,1,1,0,1
27,66,29,1,0,1,1
30,61,29,1,1,0,1
42,51,30,1,1,1,1
38,69,29,1,1,0,1
23,89,23,0,1,1,1
29,48,31,1,1,1,1
29,80,26,0,0,1,1
37,50,22,1,1,1,1
28,75,27,1,1,0,1
43,63,38,0,0,1,1
40,88,22,1,0,0,1
42,83,37,1,0,0,1
24,71,31,0,1,0,0
18,54,32,1,0,1,1
18,70,39,1,1,0,1
42,63,27,1,1,0,1
44,83,26,0,0,0,0
42,47,21,1,0,1,1
37,89,37,1,1,1,1
30,57,31,1,0,0,1
26,72,38,1,1,1,1
20,64,37,0,0,1,1
24,72,27,0,0,0,0
23,52,37,1,0,0,1
25,85,29,1,1,1,1
44,83,37,0,0,0,1
26,45,28,0,1,1,1
22,47,37,1,1,1,1
18,57,27,0,1,1,1
36,72,21,1,1,1,1
27,69,33,0,0,1,1
29,77,39,0,1,1,1
41,82,39,0,1,0,1
32,50,37,0,0,0,1
44,88,33,1,1,1,1
39,89,36,0,0,1,1
41,76,28,0,1,1,1
26,89,39,1,0,0,1
37,65,38,0,1,1,1
34,60,21,0,0,0,0
34,65,34,1,1,1,1
43,55,39,0,1,1,1
37,81,35,1,0,0,1
29,80,38,1,0,0,1
24,79,22,1,0,1,1
19,63,37,1,0,1,1
20,64,38,0,1,1,1
34,62,26,1,1,0,1
22,85,39,0,0,0,1
34,58,24,0,1,0,0
41,59,21,0,0,0,0
34,75,28,0,0,0,0
44,45,27,0,1,0,0
34,47,23,0,1,1,1
19,60,30,0,1,1,1
19,67,30,0,1,0,0
39,55,39,0,1,1,1
40,56,34,0,1,1,1
22,54,22,1,1,0,1
18,76,21,1,0,1,1
18,60,38,1,0,0,1
36,52,27,0,0,0,0
19,82,28,1,0,1,1
38,56,21,1,0,0,1
29,68,23,1,1,0,1
43,72,28,0,0,0,0
23,52,35,0,0,0,0
40,72,25,0,0,0,0
21,80,23,0,0,0,0
40,70,39,1,0,0,1
28,52,21,1,0,0,1
41,72,35,1,0,1,1
44,72,28,1,1,1,1
34,81,22,0,1,1,1
23,85,23,0,0,0,0
41,80,34,0,1,0,0
22,71,34,1,1,1,1
37,61,31,0,1,1,1
19,53,36,0,1,1,1
23,77,24,1,0,0,1
39,64,25,1,1,1,1
28,57,34,0,1,1,1
33,72,36,0,1,0,1
33,73,38,0,0,1,1
18,57,27,0,0,0,0
26,79,30,0,0,0,0
44,50,27,0,0,0,0
23,62,21,1,0,1,1
33,49,39,1,0,1,1
20,69,36,1,0,0,1
37,46,39,0,1,1,1
44,54,24,1,1,1,1
21,74,38,0,1,1,1
36,89,22,0,0,1,1
43,49,21,1,0,0,1
20,77,35,0,0,1,1
36,45,25,0,0,0,0
37,62,31,1,0,0,1
24,76,30,1,1,1,1
37,55,22,1,1,0,1
26,65,23,0,0,1,1
18,70,32,1,0,1,1
25,69,25,1,0,0,1
24,66,25,0,0,0,0
35,71,26,1,1,0,1
25,57,29,1,0,0,1
18,77,22,1,0,1,1
28,78,32,0,0,1,1
42,85,23,0,0,1,1
42,79,32,0,1,0,0
35,45,37,0,0,0,1
40,65,30,1,0,0,1
27,50,34,0,1,1,1
20,72,37,0,1,0,1
24,61,38,1,1,1,1
33,49,39,1,0,0,1
43,75,37,1,0,1,1
33,49,34,0,1,1,1
42,82,29,0,1,0,0
37,47,28,0,1,0,0
34,67,22,1,1,1,1
19,81,33,1,1,1,1
18,81,27,0,1,0,0
33,54,29,1,0,0,1
29,54,31,1,0,1,1
22,63,34,1,0,0,1
22,61,24,0,1,1,1
44,65,33,1,1,1,1
40,58,22,1,1,0,1
26,53,25,0,1,0,0
26,45,31,0,1,0,0
20,89,26,1,1,0,1
36,57,38,1,0,0,1
33,48,30,0,0,1,1
33,45,24,0,1,1,1
20,84,29,1,0,0,1
37,76,26,1,1,0,1
41,78,22,1,0,0,1
39,72,37,1,1,1,1
41,75,25,0,1,0,0
18,52,26,1,0,0,1
41,83,32,1,0,1,1
37,70,30,0,1,1,1
28,78,26,1,1,0,1
34,47,28,0,0,0,0
25,56,22,1,0,0,1
21,45,32,1,1,1,1
23,88,33,0,0,0,0
25,49,27,0,1,0,0
37,74,30,1,1,0,1
20,74,33,1,1,1,1
33,61,37,1,1,1,1
42,67,34,0,0,0,0
20,59,22,1,0,0,1
42,81,31,0,0,1,1
35,65,21,0,0,1,1
31,58,39,1,0,1,1
35,46,24,0,0,1,1
19,55,39,1,0,1,1
39,83,31,1,1,1,1
20,82,28,1,0,1,1
33,78,31,1,0,1,1
26,82,24,1,1,1,1
21,78,37,0,0,0,1
18,62,27,0,0,0,0
21,74,28,1,1,0,1
18,59,23,1,0,1,1
31,71,22,0,0,0,0
38,78,35,0,0,1,1
33,82,25,0,1,1,1
37,77,21,0,0,0,0
41,68,24,1,0,1,1
25,59,35,1,1,0,1
24,74,39,0,0,0,1
20,86,23,1,1,0,1
34,61,31,0,1,1,1
18,49,37,1,0,0,1
33,73,33,0,1,1,1
29,48,31,1,1,0,1
44,54,22,0,0,0,0
36,61,29,0,1,0,0
39,54,22,1,1,1,1
40,61,29,0,0,1,1
39,64,29,1,0,1,1
31,68,28,1,0,0,1
23,49,37,0,1,0,1
23,78,21,1,0,1,1
30,50,31,1,1,1,1
36,46,28,1,1,1,1
39,57,30,1,1,1,1
25,87,27,1,1,1,1
44,87,23,0,1,1,1
44,55,23,1,1,0,1
19,67,38,1,1,1,1
38,60,25,1,0,0,1
18,75,32,1,0,0,1
32,55,32,1,1,1,1
18,60,39,0,1,1,1
22,52,26,1,0,0,1
33,48,22,0,1,1,1
36,84,32,0,0,1,1
21,48,39,0,0,0,1
20,69,25,0,0,0,0
34,47,32,1,1,0,1
34,76,37,0,1,1,1
29,47,37,0,0,0,1
31,71,30,1,0,1,1
38,73,37,1,0,0,1
23,76,35,1,0,0,1
20,63,32,0,0,0,0
26,65,36,1,1,1,1
22,49,39,1,0,1,1
41,62,28,0,1,0,0
34,72,37,1,0,0,1
31,86,25,1,1,0,1
38,66,36,1,1,1,1
20,65,26,1,1,0,1
18,50,28,0,1,1,1
37,45,38,1,1,0,1
38,49,32,1,1,0,1
40,85,35,0,0,0,0
18,56,29,1,1,0,1
20,70,33,0,0,0,0
35,78,35,1,1,0,1
42,58,30,0,1,1,1
27,70,36,0,0,0,1
39,89,27,0,1,1,1
43,71,37,0,0,0,1
20,53,27,1,0,0,1
25,70,34,0,0,1,1
31,66,35,1,0,0,1
41,74,27,0,1,1,1
35,87,29,0,1,1,1
32,61,39,0,0,0,1
39,70,36,1,1,1,1
40,80,28,0,1,1,1
19,45,38,1,0,0,1
44,52,38,1,1,1,1
27,79,27,1,0,0,1
19,59,23,1,0,0,1
43,66,38,1,1,0,1
34,58,30,1,1,0,1
25,70,27,1,1,1,1
18,72,37,1,0,0,1
26,67,34,1,0,0,1
28,58,23,0,1,1,1
39,68,32,0,1,0,0
33,46,33,0,1,0,0
24,89,22,0,1,1,1
27,70,23,0,0,1,1
40,58,25,1,1,1,1
43,51,31,1,0,1,1
20,47,28,1,0,1,1
35,67,32,1,1,1,1
42,87,27,1,1,1,1
41,89,35,1,1,0,1
30,62,37,1,0,1,1
43,82,24,0,1,1,1
24,79,33,0,1,1,1
42,59,38,0,0,0,1
21,69,21,0,1,0,0
30,81,36,1,0,1,1
37,72,33,1,1,1,1
18,54,30,1,0,1,1
25,83,32,0,1,0,0
31,61,22,1,1,0,1
33,83,23,1,0,1,1
31,66,30,1,0,0,1
29,70,22,0,1,1,1
36,88,33,1,0,0,1
40,69,33,0,0,0,0
32,61,38,0,0,1,1
19,57,23,0,0,1,1
19,64,27,0,1,1,1
40,69,34,1,1,1,1
39,48,37,0,0,0,1
36,54,32,0,0,0,0
42,47,36,1,0,0,1
43,85,32,1,0,1,1
39,89,35,0,1,0,0
43,62,30,1,1,1,1
43,80,27,0,0,0,0
39,66,25,0,0,1,1
34,78,21,0,0,1,1
37,52,37,0,1,0,1
27,84,23,1,0,1,1
23,88,33,0,1,1,1
32,63,34,1,0,0,1
39,86,38,1,1,1,1
28,85,24,1,0,1,1
22,81,38,1,1,1,1
18,50,25,0,0,0,0
25,70,36,1,0,0,1
38,78,21,0,0,1,1
29,89,34,1,1,0,1
29,50,35,1,0,1,1
22,81,29,0,1,1,1
24,77,35,0,1,1,1
21,66,37,0,0,1,1
23,65,24,1,0,1,1
30,50,32,1,0,0,1
37,50,25,0,1,1,1
32,48,25,0,0,0,0
20,74,31,0,1,0,0
40,55,26,0,1,1,1
25,74,27,1,0,1,1
37,75,34,0,0,0,0
33,68,31,0,0,0,0
30,53,33,0,0,0,0
35,47,22,0,0,1,1
27,75,27,1,0,0,1
36,84,24,0,1,1,1
34,81,28,1,1,1,1
41,80,39,0,1,1,1
36,68,33,0,0,0,0
43,75,34,1,1,1,1
40,50,30,0,1,1,1
