Age,Weight,Fatigue,Hair_Loss,Mood_Swings,Thyroid
24,65,1,1,0,1
37,76,1,0,1,1
46,67,0,0,1,1
32,77,1,1,0,1
28,47,0,1,1,1
25,62,1,0,0,1
46,69,0,0,1,1
38,86,0,1,1,1
24,75,1,1,0,1
43,47,0,0,1,1
36,84,0,1,0,1
40,90,0,0,1,1
28,68,0,0,0,0
28,94,0,0,0,0
41,76,0,0,1,1
38,91,1,0,1,1
21,66,0,1,0,1
25,67,0,1,1,1
41,46,1,1,1,1
20,71,1,1,0,1
39,86,1,0,0,1
38,46,1,0,1,1
19,70,1,0,0,1
41,61,1,0,0,1
29,84,1,1,0,1
47,77,0,0,1,1
23,53,0,0,1,1
19,87,1,1,0,1
49,92,0,1,1,1
45,83,0,1,0,1
38,73,0,1,1,1
18,86,1,0,0,1
29,70,1,0,0,1
43,79,0,1,1,1
39,94,1,0,0,1
46,69,0,0,1,1
29,68,0,0,1,1
42,57,0,1,0,1
34,51,0,0,0,0
44,80,1,1,1,1
44,89,1,0,0,1
48,64,1,0,0,1
27,45,0,0,0,0
49,52,1,1,0,1
45,90,0,0,0,0
45,60,1,1,1,1
33,58,0,1,1,1
32,56,0,1,0,1
47,67,0,0,0,0
47,59,1,0,0,1
32,72,1,0,1,1
47,78,1,0,0,1
36,46,1,1,1,1
29,76,0,1,1,1
40,67,1,1,1,1
37,66,1,0,0,1
49,69,0,1,1,1
42,66,0,0,0,0
20,66,0,1,1,1
22,93,1,0,0,1
36,86,0,0,1,1
24,50,0,1,0,1
38,59,0,1,1,1
26,87,1,1,0,1
24,81,0,1,0,1
35,77,1,0,0,1
21,52,1,1,0,1
42,88,0,1,1,1
45,88,0,1,1,1
31,49,1,0,0,1
35,83,0,0,1,1
43,48,0,1,0,1
26,50,1,0,0,1
43,89,1,1,1,1
38,76,0,0,0,0
19,74,1,0,0,1
37,91,0,0,1,1
45,79,0,0,0,0
32,84,0,1,0,1
45,60,1,1,0,1
24,57,0,1,0,1
29,94,0,0,1,1
46,86,0,1,1,1
25,74,1,1,1,1
32,63,1,1,0,1
20,61,1,0,0,1
31,63,1,0,1,1
34,72,1,0,0,1
21,70,0,1,0,1
35,81,1,1,0,1
25,70,1,1,0,1
21,67,1,0,1,1
19,53,0,0,1,1
47,56,1,1,1,1
23,45,1,0,0,1
39,45,0,0,1,1
27,91,1,0,1,1
21,78,0,0,0,0
39,76,0,1,0,1
46,92,0,0,1,1
48,69,0,0,1,1
35,84,0,0,1,1
43,89,1,0,1,1
29,45,0,1,0,1
19,60,0,1,1,1
27,83,1,0,1,1
47,49,0,0,0,0
21,66,1,0,1,1
31,73,1,0,0,1
48,47,1,0,0,1
33,56,0,0,0,0
32,70,0,1,1,1
25,60,0,0,1,1
31,81,1,1,0,1
40,66,0,1,1,1
45,73,0,0,1,1
42,58,0,1,0,1
47,72,1,1,0,1
25,49,1,1,1,1
38,91,0,1,0,1
33,93,0,1,1,1
30,74,0,1,1,1
35,90,0,0,1,1
32,49,1,1,1,1
38,56,1,1,0,1
41,60,1,1,0,1
43,70,1,0,0,1
42,70,0,1,0,1
45,92,0,0,1,1
45,65,0,1,1,1
45,83,1,0,0,1
30,80,0,0,1,1
26,77,1,1,1,1
46,74,1,1,1,1
32,81,0,0,0,0
30,67,0,1,0,1
18,54,0,0,0,0
42,49,1,0,1,1
24,80,0,0,0,0
26,78,1,0,0,1
41,75,0,0,0,0
18,54,1,1,0,1
29,63,1,0,0,1
25,76,0,0,0,0
41,45,1,1,1,1
48,49,1,0,1,1
28,89,0,1,0,1
36,48,1,1,0,1
34,60,0,1,1,1
25,68,1,0,1,1
20,60,0,0,0,0
20,46,0,0,0,0
18,93,1,1,0,1
44,72,1,0,0,1
22,76,1,1,1,1
27,71,1,0,0,1
24,64,1,1,0,1
43,68,0,0,0,0
26,56,1,0,0,1
45,94,0,0,1,1
24,79,0,1,1,1
26,77,1,1,1,1
25,77,0,0,0,0
29,87,0,0,0,0
19,81,0,1,1,1
18,56,0,1,0,1
33,47,1,1,0,1
40,45,0,0,1,1
40,77,1,1,1,1
47,84,1,0,1,1
41,54,0,1,1,1
22,87,1,0,0,1
20,88,1,1,0,1
29,73,1,1,1,1
25,57,0,1,0,1
39,56,1,1,1,1
44,75,1,1,1,1
20,90,1,0,0,1
18,46,0,1,1,1
20,94,1,1,0,1
22,79,0,1,0,1
32,67,0,0,0,0
31,61,0,1,0,1
20,70,0,0,1,1
18,52,0,1,0,1
22,73,0,1,1,1
43,70,1,0,1,1
40,54,0,1,1,1
48,70,1,0,1,1
31,78,1,0,0,1
24,85,0,1,0,1
44,51,1,0,1,1
26,48,1,1,1,1
32,94,1,1,0,1
32,89,1,0,1,1
43,55,0,0,0,0
27,73,1,0,1,1
45,80,0,0,0,0
30,69,1,1,1,1
36,65,1,1,1,1
48,80,0,0,0,0
49,54,1,1,1,1
24,81,1,1,1,1
34,53,1,1,0,1
37,68,0,1,1,1
46,79,1,0,0,1
49,93,0,0,0,0
21,79,1,1,1,1
47,92,0,0,1,1
22,80,0,0,1,1
40,62,1,0,1,1
24,93,1,1,1,1
30,83,0,1,1,1
32,76,0,1,1,1
28,68,1,0,0,1
46,67,0,1,1,1
21,76,1,1,0,1
30,81,1,0,1,1
49,56,1,1,1,1
24,93,1,1,0,1
44,57,0,0,1,1
36,67,1,0,1,1
39,69,0,0,0,0
45,79,1,1,1,1
19,85,0,1,1,1
27,74,1,1,1,1
30,61,0,0,0,0
47,93,0,0,1,1
42,64,1,1,1,1
38,92,1,1,1,1
23,69,1,0,1,1
45,66,1,0,0,1
45,57,0,0,0,0
29,63,1,0,1,1
29,93,0,1,1,1
37,80,0,0,0,0
47,56,1,1,0,1
47,85,0,1,1,1
28,63,0,1,0,1
49,56,0,0,1,1
43,53,0,0,0,0
40,51,1,0,0,1
45,72,1,0,0,1
42,58,1,1,0,1
24,75,1,0,1,1
47,63,0,0,0,0
18,91,0,1,0,1
18,60,1,0,1,1
42,49,1,1,0,1
44,79,1,1,0,1
47,56,0,1,1,1
42,69,1,1,0,1
37,65,1,1,1,1
30,80,1,1,1,1
26,67,0,1,1,1
20,60,0,1,1,1
24,83,0,0,0,0
23,89,0,0,1,1
25,86,0,0,0,0
44,83,0,0,0,0
26,58,0,1,0,1
47,75,0,0,0,0
22,49,1,1,0,1
18,79,1,0,0,1
36,67,0,0,0,0
27,73,0,0,0,0
29,87,1,1,0,1
41,55,0,0,0,0
32,62,0,1,1,1
44,91,0,1,1,1
39,56,1,0,1,1
49,53,1,0,0,1
49,54,1,0,1,1
41,88,1,1,1,1
26,61,1,0,1,1
37,82,0,1,0,1
34,51,1,1,0,1
47,90,0,0,0,0
34,57,0,0,0,0
43,84,1,1,1,1
37,86,1,1,1,1
29,53,0,1,1,1
47,94,0,0,1,1
24,71,0,1,0,1
19,46,1,0,0,1
20,49,1,1,0,1
34,73,1,1,1,1
22,81,1,0,0,1
34,82,1,1,0,1
41,63,0,0,1,1
34,52,1,0,1,1
44,92,0,1,0,1
34,89,0,0,0,0
19,45,0,0,0,0
19,66,1,1,0,1
45,61,1,0,0,1
39,51,1,0,0,1
40,69,0,0,1,1
22,89,0,1,1,1
49,48,0,0,1,1
18,80,0,1,0,1
18,50,0,1,1,1
36,75,0,0,0,0
47,63,1,0,0,1
19,88,1,0,1,1
38,83,1,1,0,1
29,71,1,0,0,1
43,54,0,0,1,1
49,70,0,0,1,1
23,63,1,0,1,1
49,83,0,0,0,0
40,47,1,1,1,1
21,89,1,1,1,1
40,57,1,0,0,1
28,94,0,0,1,1
41,72,1,0,1,1
44,64,1,0,1,1
34,72,1,1,0,1
48,52,0,0,0,0
23,85,0,1,0,1
41,83,1,1,0,1
22,45,0,0,1,1
37,47,0,1,0,1
19,57,0,1,0,1
23,72,0,1,1,1
39,93,0,1,1,1
28,69,0,0,1,1
48,77,0,0,0,0
33,82,0,1,0,1
33,50,0,0,0,0
18,88,0,0,1,1
26,89,1,0,1,1
45,76,1,0,0,1
44,89,0,0,1,1
23,91,1,1,1,1
33,65,1,0,1,1
46,60,0,0,0,0
20,65,0,0,1,1
37,55,0,0,1,1
45,81,1,1,0,1
44,80,1,1,0,1
21,79,0,1,1,1
36,63,0,1,1,1
43,64,0,0,0,0
20,62,1,1,0,1
48,91,1,0,1,1
36,85,1,0,1,1
37,93,1,0,1,1
49,58,0,0,1,1
24,59,0,0,0,0
37,75,0,1,1,1
26,45,0,1,1,1
18,47,1,1,0,1
25,60,1,1,1,1
49,67,0,0,0,0
24,55,0,1,1,1
35,56,1,0,1,1
25,54,0,1,0,1
18,76,1,0,0,1
28,60,0,0,1,1
45,52,0,1,1,1
42,82,0,0,1,1
42,56,0,0,0,0
35,68,0,1,1,1
40,72,0,0,0,0
48,52,0,1,0,1
47,72,1,1,1,1
27,80,1,1,0,1
20,70,1,0,1,1
24,52,1,0,1,1
45,94,1,0,1,1
33,72,0,1,1,1
43,72,0,0,1,1
33,81,1,1,0,1
42,85,0,1,0,1
37,80,1,0,1,1
45,71,1,1,1,1
34,61,0,0,0,0
19,53,0,0,0,0
18,77,0,0,0,0
33,64,1,0,0,1
47,57,0,0,1,1
29,72,1,1,1,1
22,92,1,1,0,1
22,73,1,1,1,1
49,57,0,0,0,0
44,90,0,0,1,1
40,79,1,0,0,1
26,50,0,1,1,1
26,62,0,0,0,0
20,49,0,1,0,1
36,91,1,1,1,1
33,69,1,0,0,1
33,46,0,0,1,1
20,54,1,1,1,1
37,74,0,0,0,0
41,94,0,1,1,1
39,89,0,0,1,1
41,49,0,0,1,1
18,77,1,1,1,1
41,45,1,0,1,1
37,62,1,1,0,1
28,76,0,0,1,1
34,91,0,1,1,1
25,93,0,1,1,1
21,55,1,0,1,1
23,65,0,1,1,1
25,70,1,0,0,1
37,69,1,0,1,1
47,66,1,0,0,1
20,71,1,1,0,1
33,93,1,1,0,1
47,57,1,0,0,1
42,77,0,0,1,1
20,78,0,1,0,1
42,85,1,0,0,1
46,79,1,0,1,1
35,45,0,1,1,1
49,65,1,0,1,1
31,92,1,1,0,1
35,50,0,0,1,1
19,72,1,1,1,1
39,61,1,0,0,1
20,49,1,0,1,1
33,75,0,1,1,1
46,49,0,0,1,1
26,82,0,1,1,1
21,47,1,0,0,1
18,67,1,1,1,1
21,81,0,1,1,1
18,81,1,1,0,1
31,54,1,1,1,1
38,54,1,0,0,1
33,63,1,0,1,1
37,61,1,1,0,1
41,65,0,1,0,1
49,58,1,1,0,1
25,53,0,0,0,0
24,90,1,0,1,1
20,45,0,0,0,0
34,89,1,0,1,1
49,57,0,1,0,1
18,48,1,1,0,1
33,45,0,1,0,1
29,93,1,0,1,1
44,84,0,0,0,0
36,76,1,0,1,1
39,78,0,1,1,1
40,72,0,1,1,1
39,75,1,0,1,1
31,52,1,1,1,1
47,83,0,0,1,1
23,70,1,0,1,1
23,78,0,1,1,1
30,47,0,0,1,1
36,94,0,1,0,1
39,56,1,0,0,1
25,45,0,1,0,1
44,88,0,1,0,1
44,49,1,1,0,1
19,74,1,0,1,1
38,74,1,0,1,1
47,61,1,1,1,1
18,92,0,1,1,1
45,91,0,0,1,1
32,67,0,0,1,1
49,59,0,0,1,1
18,81,1,1,0,1
22,65,0,0,0,0
45,58,0,0,0,0
46,46,1,1,0,1
33,55,0,0,1,1
36,83,0,0,1,1
21,82,0,0,1,1
20,78,0,1,0,1
49,82,0,1,1,1
34,94,0,1,1,1
49,78,1,1,1,1
34,62,1,1,0,1
29,74,0,1,1,1
45,59,0,1,0,1
47,71,1,0,0,1
46,78,0,0,0,0
31,82,0,1,0,1
38,77,0,0,1,1
23,68,1,0,0,1
20,59,0,1,0,1
45,74,1,0,1,1
26,86,0,0,1,1
22,61,1,0,0,1
41,49,1,0,1,1
46,73,0,0,0,0
34,48,1,1,0,1
31,54,0,1,0,1
38,61,1,1,0,1
48,54,0,0,1,1
20,61,0,1,0,1
45,64,1,0,1,1
18,68,0,0,1,1
37,49,0,0,1,1
